<annotation>
	<folder>new</folder>
	<filename>102.jpeg</filename>
	<path>D:\new\102.jpeg</path>
	<source>
		<database>Unknown</database>
	</source>
	<size>
		<width>600</width>
		<height>600</height>
		<depth>3</depth>
	</size>
	<segmented>0</segmented>
	<object>
		<name>address</name>
		<pose>Unspecified</pose>
		<truncated>0</truncated>
		<difficult>0</difficult>
		<bndbox>
			<xmin>304</xmin>
			<ymin>235</ymin>
			<xmax>512</xmax>
			<ymax>352</ymax>
		</bndbox>
	</object>
	<object>
		<name>back</name>
		<pose>Unspecified</pose>
		<truncated>0</truncated>
		<difficult>0</difficult>
		<bndbox>
			<xmin>59</xmin>
			<ymin>119</ymin>
			<xmax>532</xmax>
			<ymax>535</ymax>
		</bndbox>
	</object>
</annotation>
