<annotation>
	<folder>new</folder>
	<filename>107.jpeg</filename>
	<path>D:\new\107.jpeg</path>
	<source>
		<database>Unknown</database>
	</source>
	<size>
		<width>600</width>
		<height>600</height>
		<depth>3</depth>
	</size>
	<segmented>0</segmented>
	<object>
		<name>address</name>
		<pose>Unspecified</pose>
		<truncated>0</truncated>
		<difficult>0</difficult>
		<bndbox>
			<xmin>36</xmin>
			<ymin>208</ymin>
			<xmax>530</xmax>
			<ymax>356</ymax>
		</bndbox>
	</object>
	<object>
		<name>back</name>
		<pose>Unspecified</pose>
		<truncated>0</truncated>
		<difficult>0</difficult>
		<bndbox>
			<xmin>29</xmin>
			<ymin>88</ymin>
			<xmax>555</xmax>
			<ymax>504</ymax>
		</bndbox>
	</object>
</annotation>
