<annotation>
	<folder>new</folder>
	<filename>108.jpeg</filename>
	<path>D:\new\108.jpeg</path>
	<source>
		<database>Unknown</database>
	</source>
	<size>
		<width>600</width>
		<height>600</height>
		<depth>3</depth>
	</size>
	<segmented>0</segmented>
	<object>
		<name>address</name>
		<pose>Unspecified</pose>
		<truncated>0</truncated>
		<difficult>0</difficult>
		<bndbox>
			<xmin>47</xmin>
			<ymin>216</ymin>
			<xmax>514</xmax>
			<ymax>332</ymax>
		</bndbox>
	</object>
	<object>
		<name>back</name>
		<pose>Unspecified</pose>
		<truncated>0</truncated>
		<difficult>0</difficult>
		<bndbox>
			<xmin>37</xmin>
			<ymin>94</ymin>
			<xmax>550</xmax>
			<ymax>517</ymax>
		</bndbox>
	</object>
</annotation>
