<annotation>
	<folder>new</folder>
	<filename>109.jpeg</filename>
	<path>D:\new\109.jpeg</path>
	<source>
		<database>Unknown</database>
	</source>
	<size>
		<width>600</width>
		<height>600</height>
		<depth>3</depth>
	</size>
	<segmented>0</segmented>
	<object>
		<name>back</name>
		<pose>Unspecified</pose>
		<truncated>0</truncated>
		<difficult>0</difficult>
		<bndbox>
			<xmin>36</xmin>
			<ymin>59</ymin>
			<xmax>555</xmax>
			<ymax>580</ymax>
		</bndbox>
	</object>
	<object>
		<name>address</name>
		<pose>Unspecified</pose>
		<truncated>0</truncated>
		<difficult>0</difficult>
		<bndbox>
			<xmin>41</xmin>
			<ymin>270</ymin>
			<xmax>248</xmax>
			<ymax>377</ymax>
		</bndbox>
	</object>
</annotation>
