<annotation>
	<folder>new</folder>
	<filename>113.jpeg</filename>
	<path>D:\new\113.jpeg</path>
	<source>
		<database>Unknown</database>
	</source>
	<size>
		<width>600</width>
		<height>600</height>
		<depth>3</depth>
	</size>
	<segmented>0</segmented>
	<object>
		<name>address</name>
		<pose>Unspecified</pose>
		<truncated>0</truncated>
		<difficult>0</difficult>
		<bndbox>
			<xmin>64</xmin>
			<ymin>140</ymin>
			<xmax>342</xmax>
			<ymax>266</ymax>
		</bndbox>
	</object>
	<object>
		<name>back</name>
		<pose>Unspecified</pose>
		<truncated>0</truncated>
		<difficult>0</difficult>
		<bndbox>
			<xmin>63</xmin>
			<ymin>28</ymin>
			<xmax>575</xmax>
			<ymax>497</ymax>
		</bndbox>
	</object>
</annotation>
