<annotation>
	<folder>new</folder>
	<filename>115.jpeg</filename>
	<path>D:\new\115.jpeg</path>
	<source>
		<database>Unknown</database>
	</source>
	<size>
		<width>600</width>
		<height>600</height>
		<depth>3</depth>
	</size>
	<segmented>0</segmented>
	<object>
		<name>back</name>
		<pose>Unspecified</pose>
		<truncated>0</truncated>
		<difficult>0</difficult>
		<bndbox>
			<xmin>33</xmin>
			<ymin>114</ymin>
			<xmax>539</xmax>
			<ymax>528</ymax>
		</bndbox>
	</object>
	<object>
		<name>address</name>
		<pose>Unspecified</pose>
		<truncated>0</truncated>
		<difficult>0</difficult>
		<bndbox>
			<xmin>276</xmin>
			<ymin>194</ymin>
			<xmax>523</xmax>
			<ymax>318</ymax>
		</bndbox>
	</object>
</annotation>
