<annotation>
	<folder>new</folder>
	<filename>12.jpeg</filename>
	<path>D:\new\12.jpeg</path>
	<source>
		<database>Unknown</database>
	</source>
	<size>
		<width>600</width>
		<height>600</height>
		<depth>3</depth>
	</size>
	<segmented>0</segmented>
	<object>
		<name>address</name>
		<pose>Unspecified</pose>
		<truncated>0</truncated>
		<difficult>0</difficult>
		<bndbox>
			<xmin>28</xmin>
			<ymin>130</ymin>
			<xmax>315</xmax>
			<ymax>313</ymax>
		</bndbox>
	</object>
	<object>
		<name>back</name>
		<pose>Unspecified</pose>
		<truncated>0</truncated>
		<difficult>0</difficult>
		<bndbox>
			<xmin>24</xmin>
			<ymin>3</ymin>
			<xmax>597</xmax>
			<ymax>584</ymax>
		</bndbox>
	</object>
</annotation>
