<annotation>
	<folder>new</folder>
	<filename>120.jpeg</filename>
	<path>D:\new\120.jpeg</path>
	<source>
		<database>Unknown</database>
	</source>
	<size>
		<width>600</width>
		<height>600</height>
		<depth>3</depth>
	</size>
	<segmented>0</segmented>
	<object>
		<name>address</name>
		<pose>Unspecified</pose>
		<truncated>0</truncated>
		<difficult>0</difficult>
		<bndbox>
			<xmin>338</xmin>
			<ymin>210</ymin>
			<xmax>569</xmax>
			<ymax>356</ymax>
		</bndbox>
	</object>
	<object>
		<name>back</name>
		<pose>Unspecified</pose>
		<truncated>0</truncated>
		<difficult>0</difficult>
		<bndbox>
			<xmin>14</xmin>
			<ymin>63</ymin>
			<xmax>592</xmax>
			<ymax>576</ymax>
		</bndbox>
	</object>
</annotation>
