<annotation>
	<folder>new</folder>
	<filename>122.jpeg</filename>
	<path>D:\new\122.jpeg</path>
	<source>
		<database>Unknown</database>
	</source>
	<size>
		<width>600</width>
		<height>600</height>
		<depth>3</depth>
	</size>
	<segmented>0</segmented>
	<object>
		<name>address</name>
		<pose>Unspecified</pose>
		<truncated>0</truncated>
		<difficult>0</difficult>
		<bndbox>
			<xmin>40</xmin>
			<ymin>203</ymin>
			<xmax>310</xmax>
			<ymax>296</ymax>
		</bndbox>
	</object>
	<object>
		<name>back</name>
		<pose>Unspecified</pose>
		<truncated>0</truncated>
		<difficult>0</difficult>
		<bndbox>
			<xmin>35</xmin>
			<ymin>24</ymin>
			<xmax>557</xmax>
			<ymax>532</ymax>
		</bndbox>
	</object>
</annotation>
