<annotation>
	<folder>new</folder>
	<filename>124.jpeg</filename>
	<path>D:\new\124.jpeg</path>
	<source>
		<database>Unknown</database>
	</source>
	<size>
		<width>600</width>
		<height>600</height>
		<depth>3</depth>
	</size>
	<segmented>0</segmented>
	<object>
		<name>address</name>
		<pose>Unspecified</pose>
		<truncated>0</truncated>
		<difficult>0</difficult>
		<bndbox>
			<xmin>26</xmin>
			<ymin>218</ymin>
			<xmax>273</xmax>
			<ymax>335</ymax>
		</bndbox>
	</object>
	<object>
		<name>back</name>
		<pose>Unspecified</pose>
		<truncated>0</truncated>
		<difficult>0</difficult>
		<bndbox>
			<xmin>16</xmin>
			<ymin>49</ymin>
			<xmax>581</xmax>
			<ymax>581</ymax>
		</bndbox>
	</object>
</annotation>
