<annotation>
	<folder>new</folder>
	<filename>125.jpeg</filename>
	<path>D:\new\125.jpeg</path>
	<source>
		<database>Unknown</database>
	</source>
	<size>
		<width>600</width>
		<height>600</height>
		<depth>3</depth>
	</size>
	<segmented>0</segmented>
	<object>
		<name>back</name>
		<pose>Unspecified</pose>
		<truncated>0</truncated>
		<difficult>0</difficult>
		<bndbox>
			<xmin>26</xmin>
			<ymin>52</ymin>
			<xmax>580</xmax>
			<ymax>585</ymax>
		</bndbox>
	</object>
	<object>
		<name>address</name>
		<pose>Unspecified</pose>
		<truncated>0</truncated>
		<difficult>0</difficult>
		<bndbox>
			<xmin>35</xmin>
			<ymin>219</ymin>
			<xmax>279</xmax>
			<ymax>333</ymax>
		</bndbox>
	</object>
</annotation>
