<annotation>
	<folder>new</folder>
	<filename>128.jpeg</filename>
	<path>D:\new\128.jpeg</path>
	<source>
		<database>Unknown</database>
	</source>
	<size>
		<width>600</width>
		<height>600</height>
		<depth>3</depth>
	</size>
	<segmented>0</segmented>
	<object>
		<name>address</name>
		<pose>Unspecified</pose>
		<truncated>0</truncated>
		<difficult>0</difficult>
		<bndbox>
			<xmin>327</xmin>
			<ymin>157</ymin>
			<xmax>560</xmax>
			<ymax>316</ymax>
		</bndbox>
	</object>
	<object>
		<name>back</name>
		<pose>Unspecified</pose>
		<truncated>0</truncated>
		<difficult>0</difficult>
		<bndbox>
			<xmin>42</xmin>
			<ymin>20</ymin>
			<xmax>583</xmax>
			<ymax>561</ymax>
		</bndbox>
	</object>
</annotation>
