<annotation>
	<folder>new</folder>
	<filename>130.jpeg</filename>
	<path>D:\new\130.jpeg</path>
	<source>
		<database>Unknown</database>
	</source>
	<size>
		<width>600</width>
		<height>600</height>
		<depth>3</depth>
	</size>
	<segmented>0</segmented>
	<object>
		<name>address</name>
		<pose>Unspecified</pose>
		<truncated>0</truncated>
		<difficult>0</difficult>
		<bndbox>
			<xmin>324</xmin>
			<ymin>206</ymin>
			<xmax>542</xmax>
			<ymax>353</ymax>
		</bndbox>
	</object>
	<object>
		<name>back</name>
		<pose>Unspecified</pose>
		<truncated>0</truncated>
		<difficult>0</difficult>
		<bndbox>
			<xmin>59</xmin>
			<ymin>83</ymin>
			<xmax>557</xmax>
			<ymax>570</ymax>
		</bndbox>
	</object>
</annotation>
