<annotation>
	<folder>new</folder>
	<filename>131.jpeg</filename>
	<path>D:\new\131.jpeg</path>
	<source>
		<database>Unknown</database>
	</source>
	<size>
		<width>600</width>
		<height>600</height>
		<depth>3</depth>
	</size>
	<segmented>0</segmented>
	<object>
		<name>address</name>
		<pose>Unspecified</pose>
		<truncated>0</truncated>
		<difficult>0</difficult>
		<bndbox>
			<xmin>324</xmin>
			<ymin>185</ymin>
			<xmax>552</xmax>
			<ymax>406</ymax>
		</bndbox>
	</object>
	<object>
		<name>back</name>
		<pose>Unspecified</pose>
		<truncated>0</truncated>
		<difficult>0</difficult>
		<bndbox>
			<xmin>35</xmin>
			<ymin>39</ymin>
			<xmax>578</xmax>
			<ymax>575</ymax>
		</bndbox>
	</object>
</annotation>
