<annotation>
	<folder>new</folder>
	<filename>134.jpeg</filename>
	<path>D:\new\134.jpeg</path>
	<source>
		<database>Unknown</database>
	</source>
	<size>
		<width>600</width>
		<height>600</height>
		<depth>3</depth>
	</size>
	<segmented>0</segmented>
	<object>
		<name>address</name>
		<pose>Unspecified</pose>
		<truncated>0</truncated>
		<difficult>0</difficult>
		<bndbox>
			<xmin>17</xmin>
			<ymin>191</ymin>
			<xmax>300</xmax>
			<ymax>343</ymax>
		</bndbox>
	</object>
	<object>
		<name>back</name>
		<pose>Unspecified</pose>
		<truncated>1</truncated>
		<difficult>0</difficult>
		<bndbox>
			<xmin>10</xmin>
			<ymin>58</ymin>
			<xmax>596</xmax>
			<ymax>600</ymax>
		</bndbox>
	</object>
</annotation>
