<annotation>
	<folder>new</folder>
	<filename>137.jpeg</filename>
	<path>D:\new\137.jpeg</path>
	<source>
		<database>Unknown</database>
	</source>
	<size>
		<width>600</width>
		<height>600</height>
		<depth>3</depth>
	</size>
	<segmented>0</segmented>
	<object>
		<name>address</name>
		<pose>Unspecified</pose>
		<truncated>0</truncated>
		<difficult>0</difficult>
		<bndbox>
			<xmin>50</xmin>
			<ymin>291</ymin>
			<xmax>373</xmax>
			<ymax>436</ymax>
		</bndbox>
	</object>
	<object>
		<name>back</name>
		<pose>Unspecified</pose>
		<truncated>0</truncated>
		<difficult>0</difficult>
		<bndbox>
			<xmin>49</xmin>
			<ymin>37</ymin>
			<xmax>563</xmax>
			<ymax>537</ymax>
		</bndbox>
	</object>
</annotation>
