<annotation>
	<folder>new</folder>
	<filename>138.jpeg</filename>
	<path>D:\new\138.jpeg</path>
	<source>
		<database>Unknown</database>
	</source>
	<size>
		<width>600</width>
		<height>600</height>
		<depth>3</depth>
	</size>
	<segmented>0</segmented>
	<object>
		<name>back</name>
		<pose>Unspecified</pose>
		<truncated>0</truncated>
		<difficult>0</difficult>
		<bndbox>
			<xmin>43</xmin>
			<ymin>79</ymin>
			<xmax>564</xmax>
			<ymax>573</ymax>
		</bndbox>
	</object>
	<object>
		<name>address</name>
		<pose>Unspecified</pose>
		<truncated>0</truncated>
		<difficult>0</difficult>
		<bndbox>
			<xmin>50</xmin>
			<ymin>332</ymin>
			<xmax>370</xmax>
			<ymax>473</ymax>
		</bndbox>
	</object>
</annotation>
