<annotation>
	<folder>new</folder>
	<filename>139.jpeg</filename>
	<path>D:\new\139.jpeg</path>
	<source>
		<database>Unknown</database>
	</source>
	<size>
		<width>600</width>
		<height>600</height>
		<depth>3</depth>
	</size>
	<segmented>0</segmented>
	<object>
		<name>address</name>
		<pose>Unspecified</pose>
		<truncated>0</truncated>
		<difficult>0</difficult>
		<bndbox>
			<xmin>306</xmin>
			<ymin>194</ymin>
			<xmax>570</xmax>
			<ymax>344</ymax>
		</bndbox>
	</object>
	<object>
		<name>back</name>
		<pose>Unspecified</pose>
		<truncated>0</truncated>
		<difficult>0</difficult>
		<bndbox>
			<xmin>22</xmin>
			<ymin>55</ymin>
			<xmax>574</xmax>
			<ymax>559</ymax>
		</bndbox>
	</object>
</annotation>
