<annotation>
	<folder>new</folder>
	<filename>14.jpeg</filename>
	<path>D:\new\14.jpeg</path>
	<source>
		<database>Unknown</database>
	</source>
	<size>
		<width>600</width>
		<height>600</height>
		<depth>3</depth>
	</size>
	<segmented>0</segmented>
	<object>
		<name>name</name>
		<pose>Unspecified</pose>
		<truncated>0</truncated>
		<difficult>0</difficult>
		<bndbox>
			<xmin>208</xmin>
			<ymin>204</ymin>
			<xmax>313</xmax>
			<ymax>240</ymax>
		</bndbox>
	</object>
	<object>
		<name>dob</name>
		<pose>Unspecified</pose>
		<truncated>0</truncated>
		<difficult>0</difficult>
		<bndbox>
			<xmin>385</xmin>
			<ymin>237</ymin>
			<xmax>450</xmax>
			<ymax>270</ymax>
		</bndbox>
	</object>
	<object>
		<name>gender</name>
		<pose>Unspecified</pose>
		<truncated>0</truncated>
		<difficult>0</difficult>
		<bndbox>
			<xmin>311</xmin>
			<ymin>279</ymin>
			<xmax>386</xmax>
			<ymax>316</ymax>
		</bndbox>
	</object>
	<object>
		<name>no</name>
		<pose>Unspecified</pose>
		<truncated>0</truncated>
		<difficult>0</difficult>
		<bndbox>
			<xmin>216</xmin>
			<ymin>432</ymin>
			<xmax>400</xmax>
			<ymax>467</ymax>
		</bndbox>
	</object>
	<object>
		<name>front</name>
		<pose>Unspecified</pose>
		<truncated>0</truncated>
		<difficult>0</difficult>
		<bndbox>
			<xmin>36</xmin>
			<ymin>37</ymin>
			<xmax>564</xmax>
			<ymax>542</ymax>
		</bndbox>
	</object>
</annotation>
