<annotation>
	<folder>new</folder>
	<filename>140.jpeg</filename>
	<path>D:\new\140.jpeg</path>
	<source>
		<database>Unknown</database>
	</source>
	<size>
		<width>600</width>
		<height>600</height>
		<depth>3</depth>
	</size>
	<segmented>0</segmented>
	<object>
		<name>name</name>
		<pose>Unspecified</pose>
		<truncated>0</truncated>
		<difficult>0</difficult>
		<bndbox>
			<xmin>162</xmin>
			<ymin>123</ymin>
			<xmax>312</xmax>
			<ymax>153</ymax>
		</bndbox>
	</object>
	<object>
		<name>dob</name>
		<pose>Unspecified</pose>
		<truncated>0</truncated>
		<difficult>0</difficult>
		<bndbox>
			<xmin>334</xmin>
			<ymin>149</ymin>
			<xmax>457</xmax>
			<ymax>183</ymax>
		</bndbox>
	</object>
	<object>
		<name>gender</name>
		<pose>Unspecified</pose>
		<truncated>0</truncated>
		<difficult>0</difficult>
		<bndbox>
			<xmin>241</xmin>
			<ymin>183</ymin>
			<xmax>342</xmax>
			<ymax>210</ymax>
		</bndbox>
	</object>
	<object>
		<name>no</name>
		<pose>Unspecified</pose>
		<truncated>0</truncated>
		<difficult>0</difficult>
		<bndbox>
			<xmin>185</xmin>
			<ymin>457</ymin>
			<xmax>441</xmax>
			<ymax>509</ymax>
		</bndbox>
	</object>
	<object>
		<name>front</name>
		<pose>Unspecified</pose>
		<truncated>0</truncated>
		<difficult>0</difficult>
		<bndbox>
			<xmin>4</xmin>
			<ymin>4</ymin>
			<xmax>598</xmax>
			<ymax>585</ymax>
		</bndbox>
	</object>
</annotation>
