<annotation>
	<folder>new</folder>
	<filename>141.jpeg</filename>
	<path>D:\new\141.jpeg</path>
	<source>
		<database>Unknown</database>
	</source>
	<size>
		<width>600</width>
		<height>600</height>
		<depth>3</depth>
	</size>
	<segmented>0</segmented>
	<object>
		<name>address</name>
		<pose>Unspecified</pose>
		<truncated>0</truncated>
		<difficult>0</difficult>
		<bndbox>
			<xmin>7</xmin>
			<ymin>175</ymin>
			<xmax>382</xmax>
			<ymax>299</ymax>
		</bndbox>
	</object>
	<object>
		<name>back</name>
		<pose>Unspecified</pose>
		<truncated>1</truncated>
		<difficult>0</difficult>
		<bndbox>
			<xmin>7</xmin>
			<ymin>46</ymin>
			<xmax>589</xmax>
			<ymax>600</ymax>
		</bndbox>
	</object>
</annotation>
