<annotation>
	<folder>new</folder>
	<filename>142.jpeg</filename>
	<path>D:\new\142.jpeg</path>
	<source>
		<database>Unknown</database>
	</source>
	<size>
		<width>600</width>
		<height>600</height>
		<depth>3</depth>
	</size>
	<segmented>0</segmented>
	<object>
		<name>back</name>
		<pose>Unspecified</pose>
		<truncated>1</truncated>
		<difficult>0</difficult>
		<bndbox>
			<xmin>12</xmin>
			<ymin>68</ymin>
			<xmax>583</xmax>
			<ymax>600</ymax>
		</bndbox>
	</object>
	<object>
		<name>address</name>
		<pose>Unspecified</pose>
		<truncated>0</truncated>
		<difficult>0</difficult>
		<bndbox>
			<xmin>15</xmin>
			<ymin>200</ymin>
			<xmax>379</xmax>
			<ymax>316</ymax>
		</bndbox>
	</object>
</annotation>
