<annotation>
	<folder>new</folder>
	<filename>143.jpeg</filename>
	<path>D:\new\143.jpeg</path>
	<source>
		<database>Unknown</database>
	</source>
	<size>
		<width>600</width>
		<height>600</height>
		<depth>3</depth>
	</size>
	<segmented>0</segmented>
	<object>
		<name>address</name>
		<pose>Unspecified</pose>
		<truncated>0</truncated>
		<difficult>0</difficult>
		<bndbox>
			<xmin>304</xmin>
			<ymin>201</ymin>
			<xmax>562</xmax>
			<ymax>349</ymax>
		</bndbox>
	</object>
	<object>
		<name>back</name>
		<pose>Unspecified</pose>
		<truncated>0</truncated>
		<difficult>0</difficult>
		<bndbox>
			<xmin>34</xmin>
			<ymin>62</ymin>
			<xmax>588</xmax>
			<ymax>565</ymax>
		</bndbox>
	</object>
</annotation>
