<annotation>
	<folder>new</folder>
	<filename>145.jpeg</filename>
	<path>D:\new\145.jpeg</path>
	<source>
		<database>Unknown</database>
	</source>
	<size>
		<width>600</width>
		<height>600</height>
		<depth>3</depth>
	</size>
	<segmented>0</segmented>
	<object>
		<name>address</name>
		<pose>Unspecified</pose>
		<truncated>0</truncated>
		<difficult>0</difficult>
		<bndbox>
			<xmin>325</xmin>
			<ymin>216</ymin>
			<xmax>556</xmax>
			<ymax>366</ymax>
		</bndbox>
	</object>
	<object>
		<name>back</name>
		<pose>Unspecified</pose>
		<truncated>0</truncated>
		<difficult>0</difficult>
		<bndbox>
			<xmin>43</xmin>
			<ymin>95</ymin>
			<xmax>571</xmax>
			<ymax>580</ymax>
		</bndbox>
	</object>
</annotation>
