<annotation>
	<folder>new</folder>
	<filename>146.jpeg</filename>
	<path>D:\new\146.jpeg</path>
	<source>
		<database>Unknown</database>
	</source>
	<size>
		<width>600</width>
		<height>600</height>
		<depth>3</depth>
	</size>
	<segmented>0</segmented>
	<object>
		<name>address</name>
		<pose>Unspecified</pose>
		<truncated>0</truncated>
		<difficult>0</difficult>
		<bndbox>
			<xmin>319</xmin>
			<ymin>209</ymin>
			<xmax>542</xmax>
			<ymax>349</ymax>
		</bndbox>
	</object>
	<object>
		<name>back</name>
		<pose>Unspecified</pose>
		<truncated>0</truncated>
		<difficult>0</difficult>
		<bndbox>
			<xmin>54</xmin>
			<ymin>78</ymin>
			<xmax>555</xmax>
			<ymax>570</ymax>
		</bndbox>
	</object>
</annotation>
