<annotation>
	<folder>new_tag</folder>
	<filename>149.jpeg</filename>
	<path>C:\Users\user\Downloads\new_tag\149.jpeg</path>
	<source>
		<database>Unknown</database>
	</source>
	<size>
		<width>600</width>
		<height>600</height>
		<depth>1</depth>
	</size>
	<segmented>0</segmented>
	<object>
		<name>address</name>
		<pose>Unspecified</pose>
		<truncated>0</truncated>
		<difficult>0</difficult>
		<bndbox>
			<xmin>45</xmin>
			<ymin>209</ymin>
			<xmax>519</xmax>
			<ymax>321</ymax>
		</bndbox>
	</object>
	<object>
		<name>back</name>
		<pose>Unspecified</pose>
		<truncated>0</truncated>
		<difficult>0</difficult>
		<bndbox>
			<xmin>31</xmin>
			<ymin>84</ymin>
			<xmax>559</xmax>
			<ymax>513</ymax>
		</bndbox>
	</object>
</annotation>
