<annotation>
	<folder>new_tag</folder>
	<filename>151.jpeg</filename>
	<path>C:\Users\user\Downloads\new_tag\151.jpeg</path>
	<source>
		<database>Unknown</database>
	</source>
	<size>
		<width>600</width>
		<height>600</height>
		<depth>1</depth>
	</size>
	<segmented>0</segmented>
	<object>
		<name>address</name>
		<pose>Unspecified</pose>
		<truncated>0</truncated>
		<difficult>0</difficult>
		<bndbox>
			<xmin>31</xmin>
			<ymin>275</ymin>
			<xmax>328</xmax>
			<ymax>344</ymax>
		</bndbox>
	</object>
	<object>
		<name>back</name>
		<pose>Unspecified</pose>
		<truncated>0</truncated>
		<difficult>0</difficult>
		<bndbox>
			<xmin>24</xmin>
			<ymin>64</ymin>
			<xmax>563</xmax>
			<ymax>575</ymax>
		</bndbox>
	</object>
</annotation>
