<annotation>
	<folder>new_tag</folder>
	<filename>160.jpeg</filename>
	<path>C:\Users\user\Downloads\new_tag\160.jpeg</path>
	<source>
		<database>Unknown</database>
	</source>
	<size>
		<width>600</width>
		<height>600</height>
		<depth>1</depth>
	</size>
	<segmented>0</segmented>
	<object>
		<name>address</name>
		<pose>Unspecified</pose>
		<truncated>0</truncated>
		<difficult>0</difficult>
		<bndbox>
			<xmin>47</xmin>
			<ymin>215</ymin>
			<xmax>509</xmax>
			<ymax>314</ymax>
		</bndbox>
	</object>
	<object>
		<name>back</name>
		<pose>Unspecified</pose>
		<truncated>0</truncated>
		<difficult>0</difficult>
		<bndbox>
			<xmin>38</xmin>
			<ymin>92</ymin>
			<xmax>553</xmax>
			<ymax>518</ymax>
		</bndbox>
	</object>
</annotation>
