<annotation>
	<folder>new_tag</folder>
	<filename>164.jpeg</filename>
	<path>C:\Users\user\Downloads\new_tag\164.jpeg</path>
	<source>
		<database>Unknown</database>
	</source>
	<size>
		<width>600</width>
		<height>600</height>
		<depth>1</depth>
	</size>
	<segmented>0</segmented>
	<object>
		<name>address</name>
		<pose>Unspecified</pose>
		<truncated>0</truncated>
		<difficult>0</difficult>
		<bndbox>
			<xmin>335</xmin>
			<ymin>180</ymin>
			<xmax>567</xmax>
			<ymax>347</ymax>
		</bndbox>
	</object>
	<object>
		<name>back</name>
		<pose>Unspecified</pose>
		<truncated>0</truncated>
		<difficult>0</difficult>
		<bndbox>
			<xmin>38</xmin>
			<ymin>70</ymin>
			<xmax>592</xmax>
			<ymax>570</ymax>
		</bndbox>
	</object>
</annotation>
