<annotation>
	<folder>new_tag</folder>
	<filename>169.jpeg</filename>
	<path>C:\Users\user\Downloads\new_tag\169.jpeg</path>
	<source>
		<database>Unknown</database>
	</source>
	<size>
		<width>600</width>
		<height>600</height>
		<depth>1</depth>
	</size>
	<segmented>0</segmented>
	<object>
		<name>address</name>
		<pose>Unspecified</pose>
		<truncated>0</truncated>
		<difficult>0</difficult>
		<bndbox>
			<xmin>27</xmin>
			<ymin>275</ymin>
			<xmax>278</xmax>
			<ymax>344</ymax>
		</bndbox>
	</object>
	<object>
		<name>back</name>
		<pose>Unspecified</pose>
		<truncated>0</truncated>
		<difficult>0</difficult>
		<bndbox>
			<xmin>26</xmin>
			<ymin>72</ymin>
			<xmax>565</xmax>
			<ymax>566</ymax>
		</bndbox>
	</object>
</annotation>
