<annotation>
	<folder>new_tag</folder>
	<filename>171.jpeg</filename>
	<path>C:\Users\user\Downloads\new_tag\171.jpeg</path>
	<source>
		<database>Unknown</database>
	</source>
	<size>
		<width>600</width>
		<height>600</height>
		<depth>1</depth>
	</size>
	<segmented>0</segmented>
	<object>
		<name>address</name>
		<pose>Unspecified</pose>
		<truncated>0</truncated>
		<difficult>0</difficult>
		<bndbox>
			<xmin>42</xmin>
			<ymin>275</ymin>
			<xmax>226</xmax>
			<ymax>371</ymax>
		</bndbox>
	</object>
	<object>
		<name>back</name>
		<pose>Unspecified</pose>
		<truncated>0</truncated>
		<difficult>0</difficult>
		<bndbox>
			<xmin>38</xmin>
			<ymin>62</ymin>
			<xmax>550</xmax>
			<ymax>580</ymax>
		</bndbox>
	</object>
</annotation>
