<annotation>
	<folder>new_tag</folder>
	<filename>173.jpeg</filename>
	<path>C:\Users\user\Downloads\new_tag\173.jpeg</path>
	<source>
		<database>Unknown</database>
	</source>
	<size>
		<width>600</width>
		<height>600</height>
		<depth>1</depth>
	</size>
	<segmented>0</segmented>
	<object>
		<name>name</name>
		<pose>Unspecified</pose>
		<truncated>0</truncated>
		<difficult>0</difficult>
		<bndbox>
			<xmin>164</xmin>
			<ymin>139</ymin>
			<xmax>283</xmax>
			<ymax>164</ymax>
		</bndbox>
	</object>
	<object>
		<name>dob</name>
		<pose>Unspecified</pose>
		<truncated>0</truncated>
		<difficult>0</difficult>
		<bndbox>
			<xmin>285</xmin>
			<ymin>167</ymin>
			<xmax>378</xmax>
			<ymax>189</ymax>
		</bndbox>
	</object>
	<object>
		<name>gender</name>
		<pose>Unspecified</pose>
		<truncated>0</truncated>
		<difficult>0</difficult>
		<bndbox>
			<xmin>224</xmin>
			<ymin>191</ymin>
			<xmax>286</xmax>
			<ymax>218</ymax>
		</bndbox>
	</object>
	<object>
		<name>no</name>
		<pose>Unspecified</pose>
		<truncated>0</truncated>
		<difficult>0</difficult>
		<bndbox>
			<xmin>192</xmin>
			<ymin>416</ymin>
			<xmax>416</xmax>
			<ymax>464</ymax>
		</bndbox>
	</object>
	<object>
		<name>front</name>
		<pose>Unspecified</pose>
		<truncated>0</truncated>
		<difficult>0</difficult>
		<bndbox>
			<xmin>30</xmin>
			<ymin>6</ymin>
			<xmax>562</xmax>
			<ymax>531</ymax>
		</bndbox>
	</object>
</annotation>
