<annotation>
	<folder>new_tag</folder>
	<filename>177.jpeg</filename>
	<path>C:\Users\user\Downloads\new_tag\177.jpeg</path>
	<source>
		<database>Unknown</database>
	</source>
	<size>
		<width>600</width>
		<height>600</height>
		<depth>1</depth>
	</size>
	<segmented>0</segmented>
	<object>
		<name>address</name>
		<pose>Unspecified</pose>
		<truncated>0</truncated>
		<difficult>0</difficult>
		<bndbox>
			<xmin>12</xmin>
			<ymin>187</ymin>
			<xmax>319</xmax>
			<ymax>371</ymax>
		</bndbox>
	</object>
	<object>
		<name>back</name>
		<pose>Unspecified</pose>
		<truncated>1</truncated>
		<difficult>0</difficult>
		<bndbox>
			<xmin>5</xmin>
			<ymin>13</ymin>
			<xmax>600</xmax>
			<ymax>597</ymax>
		</bndbox>
	</object>
</annotation>
