<annotation>
	<folder>new_tag</folder>
	<filename>179.jpeg</filename>
	<path>C:\Users\user\Downloads\new_tag\179.jpeg</path>
	<source>
		<database>Unknown</database>
	</source>
	<size>
		<width>600</width>
		<height>600</height>
		<depth>1</depth>
	</size>
	<segmented>0</segmented>
	<object>
		<name>address</name>
		<pose>Unspecified</pose>
		<truncated>0</truncated>
		<difficult>0</difficult>
		<bndbox>
			<xmin>33</xmin>
			<ymin>232</ymin>
			<xmax>221</xmax>
			<ymax>330</ymax>
		</bndbox>
	</object>
	<object>
		<name>back</name>
		<pose>Unspecified</pose>
		<truncated>0</truncated>
		<difficult>0</difficult>
		<bndbox>
			<xmin>30</xmin>
			<ymin>23</ymin>
			<xmax>561</xmax>
			<ymax>536</ymax>
		</bndbox>
	</object>
</annotation>
