<annotation>
	<folder>new_tag</folder>
	<filename>180.jpeg</filename>
	<path>C:\Users\user\Downloads\new_tag\180.jpeg</path>
	<source>
		<database>Unknown</database>
	</source>
	<size>
		<width>600</width>
		<height>600</height>
		<depth>1</depth>
	</size>
	<segmented>0</segmented>
	<object>
		<name>address</name>
		<pose>Unspecified</pose>
		<truncated>0</truncated>
		<difficult>0</difficult>
		<bndbox>
			<xmin>34</xmin>
			<ymin>221</ymin>
			<xmax>238</xmax>
			<ymax>324</ymax>
		</bndbox>
	</object>
	<object>
		<name>back</name>
		<pose>Unspecified</pose>
		<truncated>0</truncated>
		<difficult>0</difficult>
		<bndbox>
			<xmin>29</xmin>
			<ymin>7</ymin>
			<xmax>562</xmax>
			<ymax>539</ymax>
		</bndbox>
	</object>
</annotation>
