<annotation>
	<folder>new_tag</folder>
	<filename>183.jpeg</filename>
	<path>C:\Users\user\Downloads\new_tag\183.jpeg</path>
	<source>
		<database>Unknown</database>
	</source>
	<size>
		<width>600</width>
		<height>600</height>
		<depth>1</depth>
	</size>
	<segmented>0</segmented>
	<object>
		<name>address</name>
		<pose>Unspecified</pose>
		<truncated>0</truncated>
		<difficult>0</difficult>
		<bndbox>
			<xmin>23</xmin>
			<ymin>197</ymin>
			<xmax>281</xmax>
			<ymax>329</ymax>
		</bndbox>
	</object>
	<object>
		<name>back</name>
		<pose>Unspecified</pose>
		<truncated>1</truncated>
		<difficult>0</difficult>
		<bndbox>
			<xmin>1</xmin>
			<ymin>1</ymin>
			<xmax>600</xmax>
			<ymax>576</ymax>
		</bndbox>
	</object>
</annotation>
