<annotation>
	<folder>new_tag</folder>
	<filename>184.jpeg</filename>
	<path>C:\Users\user\Downloads\new_tag\184.jpeg</path>
	<source>
		<database>Unknown</database>
	</source>
	<size>
		<width>600</width>
		<height>600</height>
		<depth>1</depth>
	</size>
	<segmented>0</segmented>
	<object>
		<name>address</name>
		<pose>Unspecified</pose>
		<truncated>1</truncated>
		<difficult>0</difficult>
		<bndbox>
			<xmin>305</xmin>
			<ymin>174</ymin>
			<xmax>600</xmax>
			<ymax>368</ymax>
		</bndbox>
	</object>
	<object>
		<name>back</name>
		<pose>Unspecified</pose>
		<truncated>1</truncated>
		<difficult>0</difficult>
		<bndbox>
			<xmin>2</xmin>
			<ymin>7</ymin>
			<xmax>600</xmax>
			<ymax>588</ymax>
		</bndbox>
	</object>
</annotation>
