<annotation>
	<folder>new_tag</folder>
	<filename>185.jpeg</filename>
	<path>C:\Users\user\Downloads\new_tag\185.jpeg</path>
	<source>
		<database>Unknown</database>
	</source>
	<size>
		<width>600</width>
		<height>600</height>
		<depth>1</depth>
	</size>
	<segmented>0</segmented>
	<object>
		<name>address</name>
		<pose>Unspecified</pose>
		<truncated>0</truncated>
		<difficult>0</difficult>
		<bndbox>
			<xmin>309</xmin>
			<ymin>213</ymin>
			<xmax>507</xmax>
			<ymax>320</ymax>
		</bndbox>
	</object>
	<object>
		<name>back</name>
		<pose>Unspecified</pose>
		<truncated>0</truncated>
		<difficult>0</difficult>
		<bndbox>
			<xmin>58</xmin>
			<ymin>96</ymin>
			<xmax>536</xmax>
			<ymax>509</ymax>
		</bndbox>
	</object>
</annotation>
