<annotation>
	<folder>new_tag</folder>
	<filename>187.jpeg</filename>
	<path>C:\Users\user\Downloads\new_tag\187.jpeg</path>
	<source>
		<database>Unknown</database>
	</source>
	<size>
		<width>600</width>
		<height>600</height>
		<depth>1</depth>
	</size>
	<segmented>0</segmented>
	<object>
		<name>address</name>
		<pose>Unspecified</pose>
		<truncated>0</truncated>
		<difficult>0</difficult>
		<bndbox>
			<xmin>38</xmin>
			<ymin>247</ymin>
			<xmax>297</xmax>
			<ymax>322</ymax>
		</bndbox>
	</object>
	<object>
		<name>back</name>
		<pose>Unspecified</pose>
		<truncated>0</truncated>
		<difficult>0</difficult>
		<bndbox>
			<xmin>37</xmin>
			<ymin>38</ymin>
			<xmax>552</xmax>
			<ymax>559</ymax>
		</bndbox>
	</object>
</annotation>
