<annotation>
	<folder>new_tag</folder>
	<filename>190.jpeg</filename>
	<path>C:\Users\user\Downloads\new_tag\190.jpeg</path>
	<source>
		<database>Unknown</database>
	</source>
	<size>
		<width>600</width>
		<height>600</height>
		<depth>1</depth>
	</size>
	<segmented>0</segmented>
	<object>
		<name>address</name>
		<pose>Unspecified</pose>
		<truncated>0</truncated>
		<difficult>0</difficult>
		<bndbox>
			<xmin>308</xmin>
			<ymin>204</ymin>
			<xmax>567</xmax>
			<ymax>366</ymax>
		</bndbox>
	</object>
	<object>
		<name>back</name>
		<pose>Unspecified</pose>
		<truncated>1</truncated>
		<difficult>0</difficult>
		<bndbox>
			<xmin>30</xmin>
			<ymin>46</ymin>
			<xmax>580</xmax>
			<ymax>600</ymax>
		</bndbox>
	</object>
</annotation>
