<annotation>
	<folder>new_tag</folder>
	<filename>192.jpeg</filename>
	<path>C:\Users\user\Downloads\new_tag\192.jpeg</path>
	<source>
		<database>Unknown</database>
	</source>
	<size>
		<width>600</width>
		<height>600</height>
		<depth>1</depth>
	</size>
	<segmented>0</segmented>
	<object>
		<name>address</name>
		<pose>Unspecified</pose>
		<truncated>0</truncated>
		<difficult>0</difficult>
		<bndbox>
			<xmin>342</xmin>
			<ymin>208</ymin>
			<xmax>554</xmax>
			<ymax>391</ymax>
		</bndbox>
	</object>
	<object>
		<name>back</name>
		<pose>Unspecified</pose>
		<truncated>0</truncated>
		<difficult>0</difficult>
		<bndbox>
			<xmin>39</xmin>
			<ymin>60</ymin>
			<xmax>564</xmax>
			<ymax>530</ymax>
		</bndbox>
	</object>
</annotation>
