<annotation>
	<folder>new_tag</folder>
	<filename>197.jpeg</filename>
	<path>C:\Users\user\Downloads\new_tag\197.jpeg</path>
	<source>
		<database>Unknown</database>
	</source>
	<size>
		<width>600</width>
		<height>600</height>
		<depth>1</depth>
	</size>
	<segmented>0</segmented>
	<object>
		<name>address</name>
		<pose>Unspecified</pose>
		<truncated>0</truncated>
		<difficult>0</difficult>
		<bndbox>
			<xmin>40</xmin>
			<ymin>264</ymin>
			<xmax>332</xmax>
			<ymax>328</ymax>
		</bndbox>
	</object>
	<object>
		<name>back</name>
		<pose>Unspecified</pose>
		<truncated>0</truncated>
		<difficult>0</difficult>
		<bndbox>
			<xmin>38</xmin>
			<ymin>53</ymin>
			<xmax>553</xmax>
			<ymax>566</ymax>
		</bndbox>
	</object>
</annotation>
