<annotation>
	<folder>new_tag</folder>
	<filename>198.jpeg</filename>
	<path>C:\Users\user\Downloads\new_tag\198.jpeg</path>
	<source>
		<database>Unknown</database>
	</source>
	<size>
		<width>600</width>
		<height>600</height>
		<depth>1</depth>
	</size>
	<segmented>0</segmented>
	<object>
		<name>address</name>
		<pose>Unspecified</pose>
		<truncated>0</truncated>
		<difficult>0</difficult>
		<bndbox>
			<xmin>40</xmin>
			<ymin>156</ymin>
			<xmax>362</xmax>
			<ymax>367</ymax>
		</bndbox>
	</object>
	<object>
		<name>back</name>
		<pose>Unspecified</pose>
		<truncated>0</truncated>
		<difficult>0</difficult>
		<bndbox>
			<xmin>30</xmin>
			<ymin>20</ymin>
			<xmax>567</xmax>
			<ymax>535</ymax>
		</bndbox>
	</object>
</annotation>
