<annotation>
	<folder>new_tag</folder>
	<filename>199.jpeg</filename>
	<path>C:\Users\user\Downloads\new_tag\199.jpeg</path>
	<source>
		<database>Unknown</database>
	</source>
	<size>
		<width>600</width>
		<height>600</height>
		<depth>1</depth>
	</size>
	<segmented>0</segmented>
	<object>
		<name>address</name>
		<pose>Unspecified</pose>
		<truncated>0</truncated>
		<difficult>0</difficult>
		<bndbox>
			<xmin>42</xmin>
			<ymin>180</ymin>
			<xmax>354</xmax>
			<ymax>375</ymax>
		</bndbox>
	</object>
	<object>
		<name>back</name>
		<pose>Unspecified</pose>
		<truncated>0</truncated>
		<difficult>0</difficult>
		<bndbox>
			<xmin>33</xmin>
			<ymin>31</ymin>
			<xmax>555</xmax>
			<ymax>561</ymax>
		</bndbox>
	</object>
</annotation>
