<annotation>
	<folder>new_tag</folder>
	<filename>200.jpeg</filename>
	<path>C:\Users\user\Downloads\new_tag\200.jpeg</path>
	<source>
		<database>Unknown</database>
	</source>
	<size>
		<width>600</width>
		<height>600</height>
		<depth>1</depth>
	</size>
	<segmented>0</segmented>
	<object>
		<name>name</name>
		<pose>Unspecified</pose>
		<truncated>0</truncated>
		<difficult>0</difficult>
		<bndbox>
			<xmin>159</xmin>
			<ymin>154</ymin>
			<xmax>267</xmax>
			<ymax>194</ymax>
		</bndbox>
	</object>
	<object>
		<name>dob</name>
		<pose>Unspecified</pose>
		<truncated>0</truncated>
		<difficult>0</difficult>
		<bndbox>
			<xmin>398</xmin>
			<ymin>199</ymin>
			<xmax>457</xmax>
			<ymax>229</ymax>
		</bndbox>
	</object>
	<object>
		<name>gender</name>
		<pose>Unspecified</pose>
		<truncated>0</truncated>
		<difficult>0</difficult>
		<bndbox>
			<xmin>247</xmin>
			<ymin>234</ymin>
			<xmax>312</xmax>
			<ymax>273</ymax>
		</bndbox>
	</object>
	<object>
		<name>front</name>
		<pose>Unspecified</pose>
		<truncated>0</truncated>
		<difficult>0</difficult>
		<bndbox>
			<xmin>6</xmin>
			<ymin>5</ymin>
			<xmax>598</xmax>
			<ymax>569</ymax>
		</bndbox>
	</object>
	<object>
		<name>no</name>
		<pose>Unspecified</pose>
		<truncated>0</truncated>
		<difficult>0</difficult>
		<bndbox>
			<xmin>149</xmin>
			<ymin>422</ymin>
			<xmax>429</xmax>
			<ymax>481</ymax>
		</bndbox>
	</object>
</annotation>
