<annotation>
	<folder>new_tag</folder>
	<filename>201.jpeg</filename>
	<path>C:\Users\user\Downloads\new_tag\201.jpeg</path>
	<source>
		<database>Unknown</database>
	</source>
	<size>
		<width>600</width>
		<height>600</height>
		<depth>1</depth>
	</size>
	<segmented>0</segmented>
	<object>
		<name>address</name>
		<pose>Unspecified</pose>
		<truncated>0</truncated>
		<difficult>0</difficult>
		<bndbox>
			<xmin>17</xmin>
			<ymin>166</ymin>
			<xmax>292</xmax>
			<ymax>304</ymax>
		</bndbox>
	</object>
	<object>
		<name>back</name>
		<pose>Unspecified</pose>
		<truncated>1</truncated>
		<difficult>0</difficult>
		<bndbox>
			<xmin>6</xmin>
			<ymin>9</ymin>
			<xmax>600</xmax>
			<ymax>574</ymax>
		</bndbox>
	</object>
</annotation>
