<annotation>
	<folder>new_tag</folder>
	<filename>203.jpeg</filename>
	<path>C:\Users\user\Downloads\new_tag\203.jpeg</path>
	<source>
		<database>Unknown</database>
	</source>
	<size>
		<width>600</width>
		<height>600</height>
		<depth>1</depth>
	</size>
	<segmented>0</segmented>
	<object>
		<name>back</name>
		<pose>Unspecified</pose>
		<truncated>0</truncated>
		<difficult>0</difficult>
		<bndbox>
			<xmin>31</xmin>
			<ymin>54</ymin>
			<xmax>577</xmax>
			<ymax>563</ymax>
		</bndbox>
	</object>
	<object>
		<name>address</name>
		<pose>Unspecified</pose>
		<truncated>0</truncated>
		<difficult>0</difficult>
		<bndbox>
			<xmin>341</xmin>
			<ymin>187</ymin>
			<xmax>557</xmax>
			<ymax>368</ymax>
		</bndbox>
	</object>
</annotation>
