<annotation>
	<folder>new_tag</folder>
	<filename>204.jpeg</filename>
	<path>C:\Users\user\Downloads\new_tag\204.jpeg</path>
	<source>
		<database>Unknown</database>
	</source>
	<size>
		<width>600</width>
		<height>600</height>
		<depth>1</depth>
	</size>
	<segmented>0</segmented>
	<object>
		<name>address</name>
		<pose>Unspecified</pose>
		<truncated>0</truncated>
		<difficult>0</difficult>
		<bndbox>
			<xmin>65</xmin>
			<ymin>142</ymin>
			<xmax>336</xmax>
			<ymax>268</ymax>
		</bndbox>
	</object>
	<object>
		<name>back</name>
		<pose>Unspecified</pose>
		<truncated>0</truncated>
		<difficult>0</difficult>
		<bndbox>
			<xmin>62</xmin>
			<ymin>32</ymin>
			<xmax>574</xmax>
			<ymax>501</ymax>
		</bndbox>
	</object>
</annotation>
