<annotation>
	<folder>new_tag</folder>
	<filename>206.jpeg</filename>
	<path>C:\Users\user\Downloads\new_tag\206.jpeg</path>
	<source>
		<database>Unknown</database>
	</source>
	<size>
		<width>600</width>
		<height>600</height>
		<depth>1</depth>
	</size>
	<segmented>0</segmented>
	<object>
		<name>address</name>
		<pose>Unspecified</pose>
		<truncated>0</truncated>
		<difficult>0</difficult>
		<bndbox>
			<xmin>281</xmin>
			<ymin>199</ymin>
			<xmax>519</xmax>
			<ymax>311</ymax>
		</bndbox>
	</object>
	<object>
		<name>back</name>
		<pose>Unspecified</pose>
		<truncated>0</truncated>
		<difficult>0</difficult>
		<bndbox>
			<xmin>38</xmin>
			<ymin>116</ymin>
			<xmax>538</xmax>
			<ymax>525</ymax>
		</bndbox>
	</object>
</annotation>
