<annotation>
	<folder>new_tag</folder>
	<filename>210.jpeg</filename>
	<path>C:\Users\user\Downloads\new_tag\210.jpeg</path>
	<source>
		<database>Unknown</database>
	</source>
	<size>
		<width>600</width>
		<height>600</height>
		<depth>1</depth>
	</size>
	<segmented>0</segmented>
	<object>
		<name>address</name>
		<pose>Unspecified</pose>
		<truncated>0</truncated>
		<difficult>0</difficult>
		<bndbox>
			<xmin>50</xmin>
			<ymin>163</ymin>
			<xmax>387</xmax>
			<ymax>299</ymax>
		</bndbox>
	</object>
	<object>
		<name>back</name>
		<pose>Unspecified</pose>
		<truncated>1</truncated>
		<difficult>0</difficult>
		<bndbox>
			<xmin>24</xmin>
			<ymin>20</ymin>
			<xmax>594</xmax>
			<ymax>600</ymax>
		</bndbox>
	</object>
</annotation>
