<annotation>
	<folder>new_tag</folder>
	<filename>217.jpeg</filename>
	<path>C:\Users\user\Downloads\new_tag\217.jpeg</path>
	<source>
		<database>Unknown</database>
	</source>
	<size>
		<width>600</width>
		<height>600</height>
		<depth>1</depth>
	</size>
	<segmented>0</segmented>
	<object>
		<name>address</name>
		<pose>Unspecified</pose>
		<truncated>0</truncated>
		<difficult>0</difficult>
		<bndbox>
			<xmin>24</xmin>
			<ymin>218</ymin>
			<xmax>269</xmax>
			<ymax>347</ymax>
		</bndbox>
	</object>
	<object>
		<name>back</name>
		<pose>Unspecified</pose>
		<truncated>0</truncated>
		<difficult>0</difficult>
		<bndbox>
			<xmin>14</xmin>
			<ymin>48</ymin>
			<xmax>589</xmax>
			<ymax>572</ymax>
		</bndbox>
	</object>
</annotation>
