<annotation>
	<folder>new_tag</folder>
	<filename>218.jpeg</filename>
	<path>C:\Users\user\Downloads\new_tag\218.jpeg</path>
	<source>
		<database>Unknown</database>
	</source>
	<size>
		<width>600</width>
		<height>600</height>
		<depth>1</depth>
	</size>
	<segmented>0</segmented>
	<object>
		<name>address</name>
		<pose>Unspecified</pose>
		<truncated>0</truncated>
		<difficult>0</difficult>
		<bndbox>
			<xmin>305</xmin>
			<ymin>156</ymin>
			<xmax>592</xmax>
			<ymax>346</ymax>
		</bndbox>
	</object>
	<object>
		<name>back</name>
		<pose>Unspecified</pose>
		<truncated>0</truncated>
		<difficult>0</difficult>
		<bndbox>
			<xmin>4</xmin>
			<ymin>7</ymin>
			<xmax>597</xmax>
			<ymax>596</ymax>
		</bndbox>
	</object>
</annotation>
