<annotation>
	<folder>new_tag</folder>
	<filename>219.jpeg</filename>
	<path>C:\Users\user\Downloads\new_tag\219.jpeg</path>
	<source>
		<database>Unknown</database>
	</source>
	<size>
		<width>600</width>
		<height>600</height>
		<depth>1</depth>
	</size>
	<segmented>0</segmented>
	<object>
		<name>address</name>
		<pose>Unspecified</pose>
		<truncated>0</truncated>
		<difficult>0</difficult>
		<bndbox>
			<xmin>31</xmin>
			<ymin>218</ymin>
			<xmax>273</xmax>
			<ymax>340</ymax>
		</bndbox>
	</object>
	<object>
		<name>back</name>
		<pose>Unspecified</pose>
		<truncated>0</truncated>
		<difficult>0</difficult>
		<bndbox>
			<xmin>29</xmin>
			<ymin>51</ymin>
			<xmax>573</xmax>
			<ymax>570</ymax>
		</bndbox>
	</object>
</annotation>
