<annotation>
	<folder>new</folder>
	<filename>22.jpeg</filename>
	<path>D:\new\22.jpeg</path>
	<source>
		<database>Unknown</database>
	</source>
	<size>
		<width>600</width>
		<height>600</height>
		<depth>3</depth>
	</size>
	<segmented>0</segmented>
	<object>
		<name>address</name>
		<pose>Unspecified</pose>
		<truncated>0</truncated>
		<difficult>0</difficult>
		<bndbox>
			<xmin>328</xmin>
			<ymin>177</ymin>
			<xmax>543</xmax>
			<ymax>404</ymax>
		</bndbox>
	</object>
	<object>
		<name>back</name>
		<pose>Unspecified</pose>
		<truncated>0</truncated>
		<difficult>0</difficult>
		<bndbox>
			<xmin>37</xmin>
			<ymin>35</ymin>
			<xmax>559</xmax>
			<ymax>577</ymax>
		</bndbox>
	</object>
</annotation>
