<annotation>
	<folder>new_tag</folder>
	<filename>222.jpeg</filename>
	<path>C:\Users\user\Downloads\new_tag\222.jpeg</path>
	<source>
		<database>Unknown</database>
	</source>
	<size>
		<width>600</width>
		<height>600</height>
		<depth>1</depth>
	</size>
	<segmented>0</segmented>
	<object>
		<name>address</name>
		<pose>Unspecified</pose>
		<truncated>0</truncated>
		<difficult>0</difficult>
		<bndbox>
			<xmin>330</xmin>
			<ymin>170</ymin>
			<xmax>545</xmax>
			<ymax>303</ymax>
		</bndbox>
	</object>
	<object>
		<name>back</name>
		<pose>Unspecified</pose>
		<truncated>0</truncated>
		<difficult>0</difficult>
		<bndbox>
			<xmin>38</xmin>
			<ymin>23</ymin>
			<xmax>586</xmax>
			<ymax>556</ymax>
		</bndbox>
	</object>
</annotation>
