<annotation>
	<folder>new_tag</folder>
	<filename>225.jpeg</filename>
	<path>C:\Users\user\Downloads\new_tag\225.jpeg</path>
	<source>
		<database>Unknown</database>
	</source>
	<size>
		<width>600</width>
		<height>600</height>
		<depth>1</depth>
	</size>
	<segmented>0</segmented>
	<object>
		<name>address</name>
		<pose>Unspecified</pose>
		<truncated>0</truncated>
		<difficult>0</difficult>
		<bndbox>
			<xmin>322</xmin>
			<ymin>215</ymin>
			<xmax>538</xmax>
			<ymax>342</ymax>
		</bndbox>
	</object>
	<object>
		<name>back</name>
		<pose>Unspecified</pose>
		<truncated>0</truncated>
		<difficult>0</difficult>
		<bndbox>
			<xmin>57</xmin>
			<ymin>85</ymin>
			<xmax>566</xmax>
			<ymax>569</ymax>
		</bndbox>
	</object>
</annotation>
