<annotation>
	<folder>new_tag</folder>
	<filename>229.jpeg</filename>
	<path>C:\Users\user\Downloads\new_tag\229.jpeg</path>
	<source>
		<database>Unknown</database>
	</source>
	<size>
		<width>600</width>
		<height>600</height>
		<depth>1</depth>
	</size>
	<segmented>0</segmented>
	<object>
		<name>address</name>
		<pose>Unspecified</pose>
		<truncated>0</truncated>
		<difficult>0</difficult>
		<bndbox>
			<xmin>304</xmin>
			<ymin>192</ymin>
			<xmax>590</xmax>
			<ymax>387</ymax>
		</bndbox>
	</object>
	<object>
		<name>back</name>
		<pose>Unspecified</pose>
		<truncated>1</truncated>
		<difficult>0</difficult>
		<bndbox>
			<xmin>4</xmin>
			<ymin>15</ymin>
			<xmax>587</xmax>
			<ymax>600</ymax>
		</bndbox>
	</object>
</annotation>
