<annotation>
	<folder>new_tag</folder>
	<filename>230.jpeg</filename>
	<path>C:\Users\user\Downloads\new_tag\230.jpeg</path>
	<source>
		<database>Unknown</database>
	</source>
	<size>
		<width>600</width>
		<height>600</height>
		<depth>1</depth>
	</size>
	<segmented>0</segmented>
	<object>
		<name>address</name>
		<pose>Unspecified</pose>
		<truncated>0</truncated>
		<difficult>0</difficult>
		<bndbox>
			<xmin>21</xmin>
			<ymin>187</ymin>
			<xmax>307</xmax>
			<ymax>353</ymax>
		</bndbox>
	</object>
	<object>
		<name>back</name>
		<pose>Unspecified</pose>
		<truncated>1</truncated>
		<difficult>0</difficult>
		<bndbox>
			<xmin>19</xmin>
			<ymin>57</ymin>
			<xmax>590</xmax>
			<ymax>600</ymax>
		</bndbox>
	</object>
</annotation>
