<annotation>
	<folder>new_tag</folder>
	<filename>231.jpeg</filename>
	<path>C:\Users\user\Downloads\new_tag\231.jpeg</path>
	<source>
		<database>Unknown</database>
	</source>
	<size>
		<width>600</width>
		<height>600</height>
		<depth>1</depth>
	</size>
	<segmented>0</segmented>
	<object>
		<name>address</name>
		<pose>Unspecified</pose>
		<truncated>0</truncated>
		<difficult>0</difficult>
		<bndbox>
			<xmin>31</xmin>
			<ymin>156</ymin>
			<xmax>305</xmax>
			<ymax>296</ymax>
		</bndbox>
	</object>
	<object>
		<name>back</name>
		<pose>Unspecified</pose>
		<truncated>0</truncated>
		<difficult>0</difficult>
		<bndbox>
			<xmin>32</xmin>
			<ymin>33</ymin>
			<xmax>579</xmax>
			<ymax>568</ymax>
		</bndbox>
	</object>
</annotation>
