<annotation>
	<folder>new_tag</folder>
	<filename>233.jpeg</filename>
	<path>C:\Users\user\Downloads\new_tag\233.jpeg</path>
	<source>
		<database>Unknown</database>
	</source>
	<size>
		<width>600</width>
		<height>600</height>
		<depth>1</depth>
	</size>
	<segmented>0</segmented>
	<object>
		<name>address</name>
		<pose>Unspecified</pose>
		<truncated>0</truncated>
		<difficult>0</difficult>
		<bndbox>
			<xmin>54</xmin>
			<ymin>290</ymin>
			<xmax>378</xmax>
			<ymax>433</ymax>
		</bndbox>
	</object>
	<object>
		<name>back</name>
		<pose>Unspecified</pose>
		<truncated>0</truncated>
		<difficult>0</difficult>
		<bndbox>
			<xmin>54</xmin>
			<ymin>31</ymin>
			<xmax>559</xmax>
			<ymax>541</ymax>
		</bndbox>
	</object>
</annotation>
