<annotation>
	<folder>new_tag</folder>
	<filename>234.jpeg</filename>
	<path>C:\Users\user\Downloads\new_tag\234.jpeg</path>
	<source>
		<database>Unknown</database>
	</source>
	<size>
		<width>600</width>
		<height>600</height>
		<depth>1</depth>
	</size>
	<segmented>0</segmented>
	<object>
		<name>address</name>
		<pose>Unspecified</pose>
		<truncated>0</truncated>
		<difficult>0</difficult>
		<bndbox>
			<xmin>50</xmin>
			<ymin>337</ymin>
			<xmax>367</xmax>
			<ymax>463</ymax>
		</bndbox>
	</object>
	<object>
		<name>back</name>
		<pose>Unspecified</pose>
		<truncated>0</truncated>
		<difficult>0</difficult>
		<bndbox>
			<xmin>49</xmin>
			<ymin>80</ymin>
			<xmax>558</xmax>
			<ymax>574</ymax>
		</bndbox>
	</object>
</annotation>
