<annotation>
	<folder>new_tag</folder>
	<filename>235.jpeg</filename>
	<path>C:\Users\user\Downloads\new_tag\235.jpeg</path>
	<source>
		<database>Unknown</database>
	</source>
	<size>
		<width>600</width>
		<height>600</height>
		<depth>1</depth>
	</size>
	<segmented>0</segmented>
	<object>
		<name>address</name>
		<pose>Unspecified</pose>
		<truncated>0</truncated>
		<difficult>0</difficult>
		<bndbox>
			<xmin>312</xmin>
			<ymin>195</ymin>
			<xmax>566</xmax>
			<ymax>339</ymax>
		</bndbox>
	</object>
	<object>
		<name>back</name>
		<pose>Unspecified</pose>
		<truncated>0</truncated>
		<difficult>0</difficult>
		<bndbox>
			<xmin>33</xmin>
			<ymin>58</ymin>
			<xmax>585</xmax>
			<ymax>550</ymax>
		</bndbox>
	</object>
</annotation>
