<annotation>
	<folder>new</folder>
	<filename>30.jpeg</filename>
	<path>D:\new\30.jpeg</path>
	<source>
		<database>Unknown</database>
	</source>
	<size>
		<width>600</width>
		<height>600</height>
		<depth>3</depth>
	</size>
	<segmented>0</segmented>
	<object>
		<name>name</name>
		<pose>Unspecified</pose>
		<truncated>0</truncated>
		<difficult>0</difficult>
		<bndbox>
			<xmin>230</xmin>
			<ymin>213</ymin>
			<xmax>414</xmax>
			<ymax>256</ymax>
		</bndbox>
	</object>
	<object>
		<name>dob</name>
		<pose>Unspecified</pose>
		<truncated>0</truncated>
		<difficult>0</difficult>
		<bndbox>
			<xmin>372</xmin>
			<ymin>254</ymin>
			<xmax>452</xmax>
			<ymax>289</ymax>
		</bndbox>
	</object>
	<object>
		<name>gender</name>
		<pose>Unspecified</pose>
		<truncated>0</truncated>
		<difficult>0</difficult>
		<bndbox>
			<xmin>319</xmin>
			<ymin>289</ymin>
			<xmax>371</xmax>
			<ymax>311</ymax>
		</bndbox>
	</object>
	<object>
		<name>no</name>
		<pose>Unspecified</pose>
		<truncated>0</truncated>
		<difficult>0</difficult>
		<bndbox>
			<xmin>211</xmin>
			<ymin>441</ymin>
			<xmax>378</xmax>
			<ymax>473</ymax>
		</bndbox>
	</object>
	<object>
		<name>front</name>
		<pose>Unspecified</pose>
		<truncated>0</truncated>
		<difficult>0</difficult>
		<bndbox>
			<xmin>52</xmin>
			<ymin>69</ymin>
			<xmax>550</xmax>
			<ymax>528</ymax>
		</bndbox>
	</object>
</annotation>
