<annotation>
	<folder>new</folder>
	<filename>4.jpeg</filename>
	<path>D:\new\4.jpeg</path>
	<source>
		<database>Unknown</database>
	</source>
	<size>
		<width>600</width>
		<height>600</height>
		<depth>3</depth>
	</size>
	<segmented>0</segmented>
	<object>
		<name>back</name>
		<pose>Unspecified</pose>
		<truncated>1</truncated>
		<difficult>0</difficult>
		<bndbox>
			<xmin>4</xmin>
			<ymin>52</ymin>
			<xmax>600</xmax>
			<ymax>599</ymax>
		</bndbox>
	</object>
	<object>
		<name>address</name>
		<pose>Unspecified</pose>
		<truncated>0</truncated>
		<difficult>0</difficult>
		<bndbox>
			<xmin>318</xmin>
			<ymin>178</ymin>
			<xmax>580</xmax>
			<ymax>341</ymax>
		</bndbox>
	</object>
</annotation>
