<annotation>
	<folder>new</folder>
	<filename>49.jpeg</filename>
	<path>D:\new\49.jpeg</path>
	<source>
		<database>Unknown</database>
	</source>
	<size>
		<width>600</width>
		<height>600</height>
		<depth>3</depth>
	</size>
	<segmented>0</segmented>
	<object>
		<name>address</name>
		<pose>Unspecified</pose>
		<truncated>0</truncated>
		<difficult>0</difficult>
		<bndbox>
			<xmin>305</xmin>
			<ymin>181</ymin>
			<xmax>535</xmax>
			<ymax>351</ymax>
		</bndbox>
	</object>
	<object>
		<name>back</name>
		<pose>Unspecified</pose>
		<truncated>0</truncated>
		<difficult>0</difficult>
		<bndbox>
			<xmin>42</xmin>
			<ymin>84</ymin>
			<xmax>564</xmax>
			<ymax>511</ymax>
		</bndbox>
	</object>
</annotation>
