<annotation>
	<folder>new</folder>
	<filename>50.jpeg</filename>
	<path>D:\new\50.jpeg</path>
	<source>
		<database>Unknown</database>
	</source>
	<size>
		<width>600</width>
		<height>600</height>
		<depth>3</depth>
	</size>
	<segmented>0</segmented>
	<object>
		<name>address</name>
		<pose>Unspecified</pose>
		<truncated>0</truncated>
		<difficult>0</difficult>
		<bndbox>
			<xmin>307</xmin>
			<ymin>151</ymin>
			<xmax>546</xmax>
			<ymax>335</ymax>
		</bndbox>
	</object>
	<object>
		<name>back</name>
		<pose>Unspecified</pose>
		<truncated>0</truncated>
		<difficult>0</difficult>
		<bndbox>
			<xmin>33</xmin>
			<ymin>49</ymin>
			<xmax>562</xmax>
			<ymax>480</ymax>
		</bndbox>
	</object>
</annotation>
