<annotation>
	<folder>new</folder>
	<filename>51.jpeg</filename>
	<path>D:\new\51.jpeg</path>
	<source>
		<database>Unknown</database>
	</source>
	<size>
		<width>600</width>
		<height>600</height>
		<depth>3</depth>
	</size>
	<segmented>0</segmented>
	<object>
		<name>address</name>
		<pose>Unspecified</pose>
		<truncated>0</truncated>
		<difficult>0</difficult>
		<bndbox>
			<xmin>73</xmin>
			<ymin>196</ymin>
			<xmax>545</xmax>
			<ymax>368</ymax>
		</bndbox>
	</object>
	<object>
		<name>back</name>
		<pose>Unspecified</pose>
		<truncated>0</truncated>
		<difficult>0</difficult>
		<bndbox>
			<xmin>33</xmin>
			<ymin>65</ymin>
			<xmax>568</xmax>
			<ymax>558</ymax>
		</bndbox>
	</object>
</annotation>
