<annotation>
	<folder>new</folder>
	<filename>52.jpeg</filename>
	<path>D:\new\52.jpeg</path>
	<source>
		<database>Unknown</database>
	</source>
	<size>
		<width>600</width>
		<height>600</height>
		<depth>3</depth>
	</size>
	<segmented>0</segmented>
	<object>
		<name>address</name>
		<pose>Unspecified</pose>
		<truncated>0</truncated>
		<difficult>0</difficult>
		<bndbox>
			<xmin>69</xmin>
			<ymin>168</ymin>
			<xmax>536</xmax>
			<ymax>341</ymax>
		</bndbox>
	</object>
	<object>
		<name>back</name>
		<pose>Unspecified</pose>
		<truncated>0</truncated>
		<difficult>0</difficult>
		<bndbox>
			<xmin>44</xmin>
			<ymin>34</ymin>
			<xmax>565</xmax>
			<ymax>534</ymax>
		</bndbox>
	</object>
</annotation>
