<annotation>
	<folder>new</folder>
	<filename>64.jpeg</filename>
	<path>D:\new\64.jpeg</path>
	<source>
		<database>Unknown</database>
	</source>
	<size>
		<width>600</width>
		<height>600</height>
		<depth>3</depth>
	</size>
	<segmented>0</segmented>
	<object>
		<name>name</name>
		<pose>Unspecified</pose>
		<truncated>0</truncated>
		<difficult>0</difficult>
		<bndbox>
			<xmin>171</xmin>
			<ymin>170</ymin>
			<xmax>323</xmax>
			<ymax>196</ymax>
		</bndbox>
	</object>
	<object>
		<name>dob</name>
		<pose>Unspecified</pose>
		<truncated>0</truncated>
		<difficult>0</difficult>
		<bndbox>
			<xmin>285</xmin>
			<ymin>194</ymin>
			<xmax>381</xmax>
			<ymax>222</ymax>
		</bndbox>
	</object>
	<object>
		<name>gender</name>
		<pose>Unspecified</pose>
		<truncated>0</truncated>
		<difficult>0</difficult>
		<bndbox>
			<xmin>226</xmin>
			<ymin>220</ymin>
			<xmax>281</xmax>
			<ymax>251</ymax>
		</bndbox>
	</object>
	<object>
		<name>np</name>
		<pose>Unspecified</pose>
		<truncated>0</truncated>
		<difficult>0</difficult>
		<bndbox>
			<xmin>179</xmin>
			<ymin>434</ymin>
			<xmax>409</xmax>
			<ymax>479</ymax>
		</bndbox>
	</object>
	<object>
		<name>front</name>
		<pose>Unspecified</pose>
		<truncated>0</truncated>
		<difficult>0</difficult>
		<bndbox>
			<xmin>38</xmin>
			<ymin>46</ymin>
			<xmax>552</xmax>
			<ymax>542</ymax>
		</bndbox>
	</object>
</annotation>
