<annotation>
	<folder>new</folder>
	<filename>68.jpeg</filename>
	<path>D:\new\68.jpeg</path>
	<source>
		<database>Unknown</database>
	</source>
	<size>
		<width>600</width>
		<height>600</height>
		<depth>3</depth>
	</size>
	<segmented>0</segmented>
	<object>
		<name>address</name>
		<pose>Unspecified</pose>
		<truncated>0</truncated>
		<difficult>0</difficult>
		<bndbox>
			<xmin>331</xmin>
			<ymin>176</ymin>
			<xmax>569</xmax>
			<ymax>377</ymax>
		</bndbox>
	</object>
	<object>
		<name>back</name>
		<pose>Unspecified</pose>
		<truncated>0</truncated>
		<difficult>0</difficult>
		<bndbox>
			<xmin>36</xmin>
			<ymin>56</ymin>
			<xmax>590</xmax>
			<ymax>558</ymax>
		</bndbox>
	</object>
</annotation>
