<annotation>
	<folder>new</folder>
	<filename>79.jpeg</filename>
	<path>D:\new\79.jpeg</path>
	<source>
		<database>Unknown</database>
	</source>
	<size>
		<width>600</width>
		<height>600</height>
		<depth>3</depth>
	</size>
	<segmented>0</segmented>
	<object>
		<name>address</name>
		<pose>Unspecified</pose>
		<truncated>0</truncated>
		<difficult>0</difficult>
		<bndbox>
			<xmin>11</xmin>
			<ymin>189</ymin>
			<xmax>329</xmax>
			<ymax>365</ymax>
		</bndbox>
	</object>
	<object>
		<name>back</name>
		<pose>Unspecified</pose>
		<truncated>1</truncated>
		<difficult>0</difficult>
		<bndbox>
			<xmin>3</xmin>
			<ymin>37</ymin>
			<xmax>600</xmax>
			<ymax>585</ymax>
		</bndbox>
	</object>
</annotation>
