<annotation>
	<folder>new</folder>
	<filename>81.jpeg</filename>
	<path>D:\new\81.jpeg</path>
	<source>
		<database>Unknown</database>
	</source>
	<size>
		<width>600</width>
		<height>600</height>
		<depth>3</depth>
	</size>
	<segmented>0</segmented>
	<object>
		<name>adress</name>
		<pose>Unspecified</pose>
		<truncated>0</truncated>
		<difficult>0</difficult>
		<bndbox>
			<xmin>31</xmin>
			<ymin>224</ymin>
			<xmax>225</xmax>
			<ymax>328</ymax>
		</bndbox>
	</object>
	<object>
		<name>back</name>
		<pose>Unspecified</pose>
		<truncated>0</truncated>
		<difficult>0</difficult>
		<bndbox>
			<xmin>29</xmin>
			<ymin>8</ymin>
			<xmax>562</xmax>
			<ymax>538</ymax>
		</bndbox>
	</object>
</annotation>
