<annotation>
	<folder>new</folder>
	<filename>85.jpeg</filename>
	<path>D:\new\85.jpeg</path>
	<source>
		<database>Unknown</database>
	</source>
	<size>
		<width>600</width>
		<height>600</height>
		<depth>3</depth>
	</size>
	<segmented>0</segmented>
	<object>
		<name>address</name>
		<pose>Unspecified</pose>
		<truncated>0</truncated>
		<difficult>0</difficult>
		<bndbox>
			<xmin>301</xmin>
			<ymin>212</ymin>
			<xmax>509</xmax>
			<ymax>317</ymax>
		</bndbox>
	</object>
	<object>
		<name>back</name>
		<pose>Unspecified</pose>
		<truncated>0</truncated>
		<difficult>0</difficult>
		<bndbox>
			<xmin>59</xmin>
			<ymin>93</ymin>
			<xmax>538</xmax>
			<ymax>508</ymax>
		</bndbox>
	</object>
</annotation>
