<annotation>
	<folder>new</folder>
	<filename>87.jpeg</filename>
	<path>D:\new\87.jpeg</path>
	<source>
		<database>Unknown</database>
	</source>
	<size>
		<width>600</width>
		<height>600</height>
		<depth>3</depth>
	</size>
	<segmented>0</segmented>
	<object>
		<name>address</name>
		<pose>Unspecified</pose>
		<truncated>0</truncated>
		<difficult>0</difficult>
		<bndbox>
			<xmin>40</xmin>
			<ymin>251</ymin>
			<xmax>278</xmax>
			<ymax>330</ymax>
		</bndbox>
	</object>
	<object>
		<name>back</name>
		<pose>Unspecified</pose>
		<truncated>0</truncated>
		<difficult>0</difficult>
		<bndbox>
			<xmin>39</xmin>
			<ymin>38</ymin>
			<xmax>552</xmax>
			<ymax>561</ymax>
		</bndbox>
	</object>
</annotation>
