<annotation>
	<folder>new</folder>
	<filename>9.jpeg</filename>
	<path>D:\new\9.jpeg</path>
	<source>
		<database>Unknown</database>
	</source>
	<size>
		<width>600</width>
		<height>600</height>
		<depth>3</depth>
	</size>
	<segmented>0</segmented>
	<object>
		<name>address</name>
		<pose>Unspecified</pose>
		<truncated>0</truncated>
		<difficult>0</difficult>
		<bndbox>
			<xmin>309</xmin>
			<ymin>205</ymin>
			<xmax>566</xmax>
			<ymax>362</ymax>
		</bndbox>
	</object>
	<object>
		<name>back</name>
		<pose>Unspecified</pose>
		<truncated>1</truncated>
		<difficult>0</difficult>
		<bndbox>
			<xmin>30</xmin>
			<ymin>46</ymin>
			<xmax>579</xmax>
			<ymax>600</ymax>
		</bndbox>
	</object>
</annotation>
