<annotation>
	<folder>new</folder>
	<filename>91.jpeg</filename>
	<path>D:\new\91.jpeg</path>
	<source>
		<database>Unknown</database>
	</source>
	<size>
		<width>600</width>
		<height>600</height>
		<depth>3</depth>
	</size>
	<segmented>0</segmented>
	<object>
		<name>address</name>
		<pose>Unspecified</pose>
		<truncated>0</truncated>
		<difficult>0</difficult>
		<bndbox>
			<xmin>337</xmin>
			<ymin>208</ymin>
			<xmax>549</xmax>
			<ymax>382</ymax>
		</bndbox>
	</object>
	<object>
		<name>back</name>
		<pose>Unspecified</pose>
		<truncated>0</truncated>
		<difficult>0</difficult>
		<bndbox>
			<xmin>39</xmin>
			<ymin>71</ymin>
			<xmax>559</xmax>
			<ymax>523</ymax>
		</bndbox>
	</object>
</annotation>
