<annotation>
	<folder>new</folder>
	<filename>97.jpeg</filename>
	<path>D:\new\97.jpeg</path>
	<source>
		<database>Unknown</database>
	</source>
	<size>
		<width>600</width>
		<height>600</height>
		<depth>3</depth>
	</size>
	<segmented>0</segmented>
	<object>
		<name>address</name>
		<pose>Unspecified</pose>
		<truncated>0</truncated>
		<difficult>0</difficult>
		<bndbox>
			<xmin>40</xmin>
			<ymin>175</ymin>
			<xmax>361</xmax>
			<ymax>382</ymax>
		</bndbox>
	</object>
	<object>
		<name>back</name>
		<pose>Unspecified</pose>
		<truncated>0</truncated>
		<difficult>0</difficult>
		<bndbox>
			<xmin>39</xmin>
			<ymin>39</ymin>
			<xmax>558</xmax>
			<ymax>558</ymax>
		</bndbox>
	</object>
</annotation>
