<annotation>
	<folder>images_kyc_hassan_resized_data</folder>
	<filename>kyc_images_res_26.jpg</filename>
	<path>C:\Users\100119\Desktop\KYC_EXTRACT\images_kyc_hassan_resized_data\kyc_images_res_26.jpg</path>
	<source>
		<database>Unknown</database>
	</source>
	<size>
		<width>300</width>
		<height>300</height>
		<depth>3</depth>
	</size>
	<segmented>0</segmented>
	<object>
		<name>adhar_front</name>
		<pose>Unspecified</pose>
		<truncated>0</truncated>
		<difficult>0</difficult>
		<bndbox>
			<xmin>16</xmin>
			<ymin>148</ymin>
			<xmax>294</xmax>
			<ymax>249</ymax>
		</bndbox>
	</object>
</annotation>
