<annotation>
	<folder>images_kyc_hassan_resized_data</folder>
	<filename>kyc_images_res_64.jpg</filename>
	<path>C:\Users\100119\Desktop\KYC_EXTRACT\images_kyc_hassan_resized_data\kyc_images_res_64.jpg</path>
	<source>
		<database>Unknown</database>
	</source>
	<size>
		<width>300</width>
		<height>300</height>
		<depth>3</depth>
	</size>
	<segmented>0</segmented>
	<object>
		<name>adhar_front</name>
		<pose>Unspecified</pose>
		<truncated>0</truncated>
		<difficult>0</difficult>
		<bndbox>
			<xmin>67</xmin>
			<ymin>65</ymin>
			<xmax>151</xmax>
			<ymax>142</ymax>
		</bndbox>
	</object>
	<object>
		<name>license</name>
		<pose>Unspecified</pose>
		<truncated>0</truncated>
		<difficult>0</difficult>
		<bndbox>
			<xmin>137</xmin>
			<ymin>166</ymin>
			<xmax>238</xmax>
			<ymax>225</ymax>
		</bndbox>
	</object>
	<object>
		<name>adhar_front</name>
		<pose>Unspecified</pose>
		<truncated>0</truncated>
		<difficult>0</difficult>
		<bndbox>
			<xmin>162</xmin>
			<ymin>77</ymin>
			<xmax>264</xmax>
			<ymax>150</ymax>
		</bndbox>
	</object>
</annotation>
