<annotation>
	<folder>office_id_augmented_resized</folder>
	<filename>office_id_0_4516.jpg</filename>
	<path>E:\Desktop\KYC_EXTRACT\Version2\dataset_v2\Office_ID\office_id_augmented_resized\office_id_0_4516.jpg</path>
	<source>
		<database>Unknown</database>
	</source>
	<size>
		<width>300</width>
		<height>300</height>
		<depth>3</depth>
	</size>
	<segmented>0</segmented>
	<object>
		<name>office_id</name>
		<pose>Unspecified</pose>
		<truncated>0</truncated>
		<difficult>0</difficult>
		<bndbox>
			<xmin>67</xmin>
			<ymin>54</ymin>
			<xmax>212</xmax>
			<ymax>233</ymax>
		</bndbox>
	</object>
</annotation>
