<annotation>
	<folder>pan_photostat_resized</folder>
	<filename>pan_photostat_res_23.jpg</filename>
	<path>E:\Desktop\KYC_EXTRACT\Version2\dataset_v2\pan photostat\pan_photostat_resized\pan_photostat_res_23.jpg</path>
	<source>
		<database>Unknown</database>
	</source>
	<size>
		<width>300</width>
		<height>300</height>
		<depth>3</depth>
	</size>
	<segmented>0</segmented>
	<object>
		<name>pan</name>
		<pose>Unspecified</pose>
		<truncated>0</truncated>
		<difficult>0</difficult>
		<bndbox>
			<xmin>25</xmin>
			<ymin>36</ymin>
			<xmax>283</xmax>
			<ymax>153</ymax>
		</bndbox>
	</object>
</annotation>
