<annotation>
	<folder>augment_pan_resized</folder>
	<filename>kyc_pan_0_507.jpg</filename>
	<path>E:\Desktop\KYC_EXTRACT\augment_pan_resized\kyc_pan_0_507.jpg</path>
	<source>
		<database>Unknown</database>
	</source>
	<size>
		<width>300</width>
		<height>300</height>
		<depth>3</depth>
	</size>
	<segmented>0</segmented>
	<object>
		<name>pan</name>
		<pose>Unspecified</pose>
		<truncated>0</truncated>
		<difficult>0</difficult>
		<bndbox>
			<xmin>9</xmin>
			<ymin>32</ymin>
			<xmax>287</xmax>
			<ymax>248</ymax>
		</bndbox>
	</object>
	<object>
		<name>pan_no</name>
		<pose>Unspecified</pose>
		<truncated>0</truncated>
		<difficult>0</difficult>
		<bndbox>
			<xmin>120</xmin>
			<ymin>117</ymin>
			<xmax>186</xmax>
			<ymax>136</ymax>
		</bndbox>
	</object>
	<object>
		<name>pan_name</name>
		<pose>Unspecified</pose>
		<truncated>0</truncated>
		<difficult>0</difficult>
		<bndbox>
			<xmin>23</xmin>
			<ymin>143</ymin>
			<xmax>113</xmax>
			<ymax>167</ymax>
		</bndbox>
	</object>
	<object>
		<name>pan_dob</name>
		<pose>Unspecified</pose>
		<truncated>0</truncated>
		<difficult>0</difficult>
		<bndbox>
			<xmin>19</xmin>
			<ymin>214</ymin>
			<xmax>73</xmax>
			<ymax>235</ymax>
		</bndbox>
	</object>
</annotation>
