<annotation>
	<folder>augment_pan_resized</folder>
	<filename>kyc_pan_0_1534.jpg</filename>
	<path>E:\Desktop\KYC_EXTRACT\augment_pan_resized\kyc_pan_0_1534.jpg</path>
	<source>
		<database>Unknown</database>
	</source>
	<size>
		<width>300</width>
		<height>300</height>
		<depth>3</depth>
	</size>
	<segmented>0</segmented>
	<object>
		<name>pan</name>
		<pose>Unspecified</pose>
		<truncated>0</truncated>
		<difficult>0</difficult>
		<bndbox>
			<xmin>2</xmin>
			<ymin>25</ymin>
			<xmax>273</xmax>
			<ymax>284</ymax>
		</bndbox>
	</object>
	<object>
		<name>pan_no</name>
		<pose>Unspecified</pose>
		<truncated>0</truncated>
		<difficult>0</difficult>
		<bndbox>
			<xmin>92</xmin>
			<ymin>135</ymin>
			<xmax>168</xmax>
			<ymax>156</ymax>
		</bndbox>
	</object>
	<object>
		<name>pan_name</name>
		<pose>Unspecified</pose>
		<truncated>0</truncated>
		<difficult>0</difficult>
		<bndbox>
			<xmin>7</xmin>
			<ymin>164</ymin>
			<xmax>76</xmax>
			<ymax>181</ymax>
		</bndbox>
	</object>
	<object>
		<name>pan_dob</name>
		<pose>Unspecified</pose>
		<truncated>0</truncated>
		<difficult>0</difficult>
		<bndbox>
			<xmin>4</xmin>
			<ymin>245</ymin>
			<xmax>61</xmax>
			<ymax>265</ymax>
		</bndbox>
	</object>
</annotation>
