<annotation>
	<folder>augment_pan_resized</folder>
	<filename>kyc_pan_0_3408.jpg</filename>
	<path>E:\Desktop\KYC_EXTRACT\augment_pan_resized\kyc_pan_0_3408.jpg</path>
	<source>
		<database>Unknown</database>
	</source>
	<size>
		<width>300</width>
		<height>300</height>
		<depth>3</depth>
	</size>
	<segmented>0</segmented>
	<object>
		<name>pan</name>
		<pose>Unspecified</pose>
		<truncated>1</truncated>
		<difficult>0</difficult>
		<bndbox>
			<xmin>1</xmin>
			<ymin>1</ymin>
			<xmax>294</xmax>
			<ymax>300</ymax>
		</bndbox>
	</object>
	<object>
		<name>pan_name</name>
		<pose>Unspecified</pose>
		<truncated>0</truncated>
		<difficult>0</difficult>
		<bndbox>
			<xmin>31</xmin>
			<ymin>153</ymin>
			<xmax>100</xmax>
			<ymax>216</ymax>
		</bndbox>
	</object>
	<object>
		<name>pan_dob</name>
		<pose>Unspecified</pose>
		<truncated>0</truncated>
		<difficult>0</difficult>
		<bndbox>
			<xmin>56</xmin>
			<ymin>204</ymin>
			<xmax>97</xmax>
			<ymax>241</ymax>
		</bndbox>
	</object>
	<object>
		<name>pan_no</name>
		<pose>Unspecified</pose>
		<truncated>0</truncated>
		<difficult>0</difficult>
		<bndbox>
			<xmin>79</xmin>
			<ymin>212</ymin>
			<xmax>136</xmax>
			<ymax>266</ymax>
		</bndbox>
	</object>
</annotation>
