<annotation>
	<folder>augment_pan_resized</folder>
	<filename>kyc_pan_0_3174.jpg</filename>
	<path>E:\Desktop\KYC_EXTRACT\augment_pan_resized\kyc_pan_0_3174.jpg</path>
	<source>
		<database>Unknown</database>
	</source>
	<size>
		<width>300</width>
		<height>300</height>
		<depth>3</depth>
	</size>
	<segmented>0</segmented>
	<object>
		<name>pan</name>
		<pose>Unspecified</pose>
		<truncated>0</truncated>
		<difficult>0</difficult>
		<bndbox>
			<xmin>27</xmin>
			<ymin>42</ymin>
			<xmax>274</xmax>
			<ymax>269</ymax>
		</bndbox>
	</object>
	<object>
		<name>pan_no</name>
		<pose>Unspecified</pose>
		<truncated>0</truncated>
		<difficult>0</difficult>
		<bndbox>
			<xmin>123</xmin>
			<ymin>125</ymin>
			<xmax>191</xmax>
			<ymax>148</ymax>
		</bndbox>
	</object>
	<object>
		<name>pan_name</name>
		<pose>Unspecified</pose>
		<truncated>0</truncated>
		<difficult>0</difficult>
		<bndbox>
			<xmin>34</xmin>
			<ymin>164</ymin>
			<xmax>100</xmax>
			<ymax>181</ymax>
		</bndbox>
	</object>
	<object>
		<name>pan_dob</name>
		<pose>Unspecified</pose>
		<truncated>0</truncated>
		<difficult>0</difficult>
		<bndbox>
			<xmin>34</xmin>
			<ymin>242</ymin>
			<xmax>81</xmax>
			<ymax>259</ymax>
		</bndbox>
	</object>
</annotation>
