<annotation>
	<folder>augment_pan_resized</folder>
	<filename>kyc_pan_0_1878.jpg</filename>
	<path>E:\Desktop\KYC_EXTRACT\augment_pan_resized\kyc_pan_0_1878.jpg</path>
	<source>
		<database>Unknown</database>
	</source>
	<size>
		<width>300</width>
		<height>300</height>
		<depth>3</depth>
	</size>
	<segmented>0</segmented>
	<object>
		<name>pan</name>
		<pose>Unspecified</pose>
		<truncated>1</truncated>
		<difficult>0</difficult>
		<bndbox>
			<xmin>1</xmin>
			<ymin>7</ymin>
			<xmax>295</xmax>
			<ymax>283</ymax>
		</bndbox>
	</object>
	<object>
		<name>pan_no</name>
		<pose>Unspecified</pose>
		<truncated>0</truncated>
		<difficult>0</difficult>
		<bndbox>
			<xmin>86</xmin>
			<ymin>113</ymin>
			<xmax>164</xmax>
			<ymax>136</ymax>
		</bndbox>
	</object>
	<object>
		<name>pan_name</name>
		<pose>Unspecified</pose>
		<truncated>1</truncated>
		<difficult>0</difficult>
		<bndbox>
			<xmin>1</xmin>
			<ymin>171</ymin>
			<xmax>68</xmax>
			<ymax>191</ymax>
		</bndbox>
	</object>
	<object>
		<name>pan_dob</name>
		<pose>Unspecified</pose>
		<truncated>0</truncated>
		<difficult>0</difficult>
		<bndbox>
			<xmin>4</xmin>
			<ymin>260</ymin>
			<xmax>49</xmax>
			<ymax>279</ymax>
		</bndbox>
	</object>
</annotation>
